barcode,sku,titel,optie,woorden,afbeeldingen,adviesprijs,actieprijs,op_voorraad,bron_url
8717677967995,MT1101,Dennenpollen Tinctuur - Pine Pollen - 10 ml,,223,1,29.95,22.46,nee,https://www.mattisson.nl/dennenpollen-tinctuur-pine-pollen-10-ml
8717677960675,MT1420,AlkaBalans Zuur Base Kruidenthee - Losse thee,,745,1,12.95,12.95,ja,https://www.mattisson.nl/alkabalans-zuur-base-kruidenthee-losse-thee
8717677968237,MT2031,Cranberry D-Mannose poeder - 100 g,,627,1,26.95,20.21,ja,https://www.mattisson.nl/cranberry-d-mannose-poeder
8717677963287,MT2052,Biologisch Cordyceps poeder - 100 g,,683,1,29.95,22.46,ja,https://www.mattisson.nl/biologische-cordyceps-poeder
8717677967803,MT2056,Biologische Lion's Mane poeder - 100 g,,847,1,21.95,16.46,ja,https://www.mattisson.nl/biologische-lion-s-mane-poeder
8717677966134,MT2222,Bitterzout - Epsom zout - 1 kg,,734,1,6.95,6.95,ja,https://www.mattisson.nl/bitterzout-epsom-zout-1-kg
8717677966141,MT2224,Baking Soda - Zuiveringszout - 1 kg,,884,1,6.95,6.95,ja,https://www.mattisson.nl/baking-soda-zuiveringszout-1-kg
8717677963409,MT2225,Himalaya Zout grof - Navulzak 1 kg,,922,1,6.45,6.45,ja,https://www.mattisson.nl/himalaya-zout-grof-navulzak-1-kg
8717677960613,MT1310,Biologisch Noni sap - Puur - 1 L,,577,1,24.95,24.95,nee,https://www.mattisson.nl/biologische-noni-sap-puur
8717677962228,MT1551,Kokosnoot olie 1000mg - 120 capsules,,372,1,18.95,14.21,ja,https://www.mattisson.nl/kokosnoot-olie-1000mg-capsules
8717677965878,MT2001,Biologische Kurkuma 325mg - Geelwortel - 120 capsules,,752,1,17.95,13.46,ja,https://www.mattisson.nl/biologische-kurkuma-325mg-capsules
8717677965885,MT2002,Biologische Brandnetelwortel 210mg - 120 capsules,,724,1,17.95,13.46,ja,https://www.mattisson.nl/biologische-brandnetelwortel-210mg-capsules
8717677965892,MT2003,Biologische Zwarte Bes 300mg - 120 capsules,,591,1,17.95,13.46,ja,https://www.mattisson.nl/biologische-zwarte-bes-300mg-capsules
8717677965939,MT2008,Biologische Heermoes 250 mg - 120 capsules,,564,1,17.95,13.46,ja,https://www.mattisson.nl/biologische-heermoes-250mg-capsules
8717677965953,MT2011,Biologische Gember 270mg - 120 capsules,,702,1,17.95,13.46,ja,https://www.mattisson.nl/biologische-gember-270mg-capsules
8717677965960,MT2012,Biologische Fenegriek 330mg - 120 capsules,,611,1,17.95,13.46,ja,https://www.mattisson.nl/biologische-fenegriek-330mg-capsules
8717677966219,MT2022,Natriumbicarbonaat 800mg - 120 capsules,,631,1,19.95,14.96,ja,https://www.mattisson.nl/natriumbicarbonaat-800mg-capsules
8720289190163,MT2212,Vegan Vitamine D3 25mcg - 120 capsules,,580,1,17.95,13.46,ja,https://www.mattisson.nl/vegan-vitamine-d3-25mcg-capsules
8717677965700,MT2345,Levertraan Olie 1000mg - 120 capsules,,616,1,19.95,14.96,ja,https://www.mattisson.nl/levertraan-olie-1000mg-capsules
8717677961672,MT2154,Biologische Camu Camu poeder - 120 g,,703,1,19.95,14.96,ja,https://www.mattisson.nl/biologische-camu-camu-poeder
8717677963690,MT1486,Europees Chlorella poeder - 125 g,,794,1,18.95,14.21,ja,https://www.mattisson.nl/europese-chlorella-poeder
8717677965144,MT1845,Probisson® - 8 miljard CFU - 125 g,,673,1,22.95,17.21,ja,https://www.mattisson.nl/probiotica-poeder-8-miljard-cfu
8717677962969,MT2043,Biologisch Cranberry poeder - 125 g,,732,1,19.95,19.95,nee,https://www.mattisson.nl/biologische-cranberry-poeder
8717677963249,MT2046,Keltisch Zeezout fijn - Celtic Seasalt - Strooibus 125 g,,1140,1,7.95,7.95,ja,https://www.mattisson.nl/keltisch-zeezout-fijn-strooibus
8717677963355,MT2060,Biologische Geelwortel (Curcuma Longa) poeder - Kurkuma - 125 g,,774,1,6.95,5.21,ja,https://www.mattisson.nl/biologische-geelwortel-curcuma-longa-poeder
8717677962617,MT2148,Biologische Rode Bieten poeder - 125 g,,685,1,8.95,8.95,ja,https://www.mattisson.nl/biologische-rode-bieten-poeder
8717677962624,MT2158,Biologisch Moringa Blad poeder - 125 g,,769,1,9.95,7.46,ja,https://www.mattisson.nl/biologisch-moringa-blad-poeder
8717677962068,MT2164,Biologische Acai poeder - 125 g,,563,1,19.95,14.96,ja,https://www.mattisson.nl/biologische-acai-poeder
8717677962051,MT2196,Biologische Gerstegras poeder - 125 g,,816,1,9.95,7.46,ja,https://www.mattisson.nl/biologische-gerstegras-poeder
8717677962150,MT2197,Biologisch Chlorella poeder - 125 g,,651,1,12.95,9.71,ja,https://www.mattisson.nl/biologische-chlorella-poeder
8717677962082,MT2198,Biologische Spirulina poeder - 125 g,,787,1,8.95,6.71,ja,https://www.mattisson.nl/biologische-spirulina-poeder
8717677968824,MT2328,Calcium Citraat poeder - 125 g,,531,1,19.95,14.96,ja,https://www.mattisson.nl/calcium-citraat-poeder
8717677963713,MT4103,Biologisch Tarwegras poeder - 125 g,,1052,1,8.95,6.71,ja,https://www.mattisson.nl/biologisch-tarwegras-poeder
8717677967186,MT2092,Biologische Matcha Latte - Gember Ceylon Kaneel - 140 g,,745,1,9.95,9.95,ja,https://www.mattisson.nl/biologische-matcha-latte-gember-ceylon-kaneel
8717677967162,MT2090,Biologische Kurkuma Latte - Ongezoet - 160 g,,829,1,9.95,9.95,ja,https://www.mattisson.nl/biologische-kurkuma-latte-ongezoet
8717677967193,MT2093,Biologische Beetroot Latte - Gember Cacao,,891,1,9.95,9.95,ja,https://www.mattisson.nl/biologische-beetroot-latte-gember-cacao
8717677967209,MT2094,Biologische Maca Latte - Cacao & Ceylon kaneel - 160 g,,787,1,9.95,9.95,ja,https://www.mattisson.nl/biologische-maca-latte-cacao-ceylon-kaneel
8717677963744,MT1554,Biologisch Kokosmeel - 500 g,,655,1,5.45,5.45,ja,https://www.mattisson.nl/biologisch-kokosmeel
8717677967216,MT2095,Biologische Mushroom Latte - 160 g,,781,1,13.95,13.95,ja,https://www.mattisson.nl/biologische-mushroom-latte
8717677965861,MT2228,Himalaya Zout fijn - Strooibus 170 g,,689,1,4.95,4.95,ja,https://www.mattisson.nl/himalaya-zout-fijn-strooibus
8717677967179,MT2091,Biologische Kurkuma Latte - Gezoet - 175 g,,810,1,9.95,9.95,ja,https://www.mattisson.nl/biologische-kurkuma-latte-gezoet
8717677968282,MT1456,AlkaGreens 540mg - 180 capsules,,594,1,19.95,14.96,ja,https://www.mattisson.nl/absolute-alkagreens-540mg-capsules
8717677968374,MT2214,MSM 800mg - 180 capsules,,558,1,19.95,14.96,ja,https://www.mattisson.nl/msm-800mg-capsules
8717677968046,MT3001,Runder Collageen Blend Peptan® Type I - 180 capsules,,687,1,24.95,18.71,ja,https://www.mattisson.nl/runder-collageen-blend-peptanr-type-i-180-capsules
8717677968053,MT3003,Marine Collageen Blend Peptan® Type I - 180 capsules,,580,1,24.95,18.71,ja,https://www.mattisson.nl/marine-collageen-blend-peptanr-type-i-180-capsules
8717677968510,MT1596,Biologische Wijnsteen Bakpoeder - 180 g,,690,1,4.95,4.95,ja,https://www.mattisson.nl/biologische-wijnsteen-bakpoeder
8717677965847,MT2226,Himalaya Zout grof - Molen 180 g,,469,1,4.95,4.95,ja,https://www.mattisson.nl/himalaya-zout-grof-molen
8717677966301,MT2355,Biologische Zonnebloem Lecithine-95 poeder - 180 g,,547,1,24.95,18.71,ja,https://www.mattisson.nl/biologische-zonnebloem-lecithine-95-poeder
8717677969234,MT3014,Biologische Runder Botten Bouillon - Beef Bone Broth - 180 g,,609,1,25.95,25.95,ja,https://www.mattisson.nl/biologische-runder-botten-bouillon
8720289190156,MT3017,Collageen Latte - Cappuccino smaak - 180 g,,471,1,14.95,11.21,ja,https://www.mattisson.nl/collageen-latte-cappuccino-smaak
8717677964550,MT2016,Biologische Pijlwortel poeder - Arrowroot - 190 g,,706,1,4.95,4.95,ja,https://www.mattisson.nl/biologische-pijlstaartwortel-poeder-arrowroot
8717677965694,MT2342,Kelp Algen extract met Jodium 75mg - 200 tabletten,,466,1,14.95,11.21,ja,https://www.mattisson.nl/kelp-algen-extract-met-jodium-75mg-tabletten
8717677964529,MT1582,Edelgistvlokken Vegan - 200 g ,,617,1,8.95,8.95,ja,https://www.mattisson.nl/edelgistvlokken-200-g
8717677967988,MT1595,Edelgistvlokken - met extra B vitamines en zink - 200 g,,729,1,12.95,12.95,ja,https://www.mattisson.nl/edelgistvlokken-met-extra-b-vitamines-en-zink-200-g
8717677962945,MT2041,Biologische Goji Bessen gedroogd - 200 g,,644,1,8.95,8.95,nee,https://www.mattisson.nl/goji-bessen-gedroogd-200-g
8717677963058,MT2047,Biologische Ashwagandha poeder - 200 g,,777,1,16.95,16.95,ja,https://www.mattisson.nl/biologische-ashwagandha-poeder
8717677964567,MT2061,Biologisch Brandnetelblad poeder - 200 g,,944,1,14.95,14.95,ja,https://www.mattisson.nl/biologisch-brandnetelblad-poeder
8717677963256,MT2070,Keltisch Zeezout met Algen - Celtic Seasalt - 200 g,,779,1,8.95,8.95,ja,https://www.mattisson.nl/keltisch-zeezout-met-algen
8720289190415,MT2062,Biologisch Rozenbottel poeder - 200 g,,507,1,14.95,14.95,ja,https://www.mattisson.nl/rozenbottel-poeder
8717677967308,MT2329,Magnesium Bisglycinaat poeder - 11% elementair Magnesium - 200 g,,478,1,24.95,18.71,ja,https://www.mattisson.nl/magnesium-bisglycinaat-poeder-11-elementair-magnesium
8717677965090,MT2335,Magnesium Citraat poeder - 15% elementair Magnesium - 200 g,,597,1,16.95,12.71,ja,https://www.mattisson.nl/magnesium-citraat-poeder-15-elementair-magnesium
8717677965724,MT2343,Biologische Soja Lecithine-96 poeder - 200 g,,618,1,19.95,14.96,ja,https://www.mattisson.nl/biologische-soja-lecithine-96-poeder
8717677963706,MT4102,Biologische Agave Inuline - 200 g,,692,1,9.95,9.95,ja,https://www.mattisson.nl/biologische-agave-inuline
8717677969166,MT4133,Vegan Keto Latte - Instant MCT & Coffee drink - 200 g,,947,1,14.95,14.95,ja,https://www.mattisson.nl/vegan-keto-latte-instant-mct-coffee-drink
8717677966158,MT2219,Vitamine D3 75 mcg - 240 capsules,,611,1,19.95,14.96,ja,https://www.mattisson.nl/vitamine-d3-75-mcg-capsules
8717677961726,MT2103,Biologische Chlorella 500mg - 240 tabletten,,697,1,19.95,14.96,ja,https://www.mattisson.nl/biologische-chlorella-500mg-tabletten
8717677961733,MT2104,Biologische Spirulina 500mg - 240 tabletten,,623,1,15.95,11.96,ja,https://www.mattisson.nl/biologische-spirulina-500mg-tabletten
8717677968527,MT2203,Biologische Chlorella Spirulina 500mg - 240 tabletten,,701,1,19.95,14.96,ja,https://www.mattisson.nl/biologische-chlorella-spirulina-500mg-tabletten
8717677960682,MT1425,AlkaBalans Zuur Base Kruidenthee - 25 Theezakjes,,703,1,10.95,10.95,ja,https://www.mattisson.nl/alkabalans-zuur-base-kruidenthee-theezakjes
8720289192754,MT2208,Biologische Amla Berry poeder - 220 g,,710,1,17.95,13.46,ja,https://www.mattisson.nl/biologische-amla-berry-poeder
8717677965106,MT2867,Biologische Pompoenpit Proteïne poeder 58% - 250 g,,457,1,13.95,10.46,ja,https://www.mattisson.nl/biologische-pompoenpit-proteine-poeder-58
8717677968558,MT3012,Runder Botten Bouillon - Beef Bone Broth - 250 g,,514,1,24.95,24.95,ja,https://www.mattisson.nl/runder-botten-bouillon
8717677966172,MT4114,L-Glutamine Aminozuur poeder - 250 g,,403,1,18.95,18.95,ja,https://www.mattisson.nl/l-glutamine-aminozuur-poeder
8717677968930,MT1511,Biologische Zwarte Komijn olie - 250 ml,,666,1,24.95,24.95,ja,https://www.mattisson.nl/biologische-zwarte-komijn-olie
8717677964895,MT1513,Biologische Omega 3-6-9 Olie - Vegan - 250 ml,,715,1,7.45,7.45,ja,https://www.mattisson.nl/biologische-omega-3-6-9-olie-vegan
8717677964475,MT1516,Biologische Lijnzaadolie - 250 ml,,680,1,5.25,5.25,ja,https://www.mattisson.nl/biologische-lijnzaadolie
8717677964482,MT1517,Biologische Pompoenpit olie - 250 ml,,764,1,9.95,9.95,ja,https://www.mattisson.nl/biologische-pompoenpit-olie
8717677964499,MT1518,Biologische Sesam Olie - 250 ml,,726,1,7.45,7.45,ja,https://www.mattisson.nl/biologische-sesam-olie
8720289190132,MT1498,Biologische Avocado olie - 250 ml,,598,1,11.45,11.45,ja,https://www.mattisson.nl/biologische-avocado-olie
8717677964154,MT2100,Biologische Bourbon Vanille poeder - 30 g,,585,1,21.95,21.95,ja,https://www.mattisson.nl/biologische-bourbon-vanille-poeder
8717677967643,MT4100,Bourbon Vanille poeder - 30 g,,621,1,14.95,14.95,ja,https://www.mattisson.nl/bourbon-vanille-poeder
8717677967759,MT1411,AlkaGreens poeder - 300 g,,731,1,29.95,22.46,ja,https://www.mattisson.nl/absolute-alkagreens-poeder
8717677967766,MT1412,AlkaGreens poeder - Probisson®  - 300 g,,675,1,30.95,23.21,ja,https://www.mattisson.nl/probissonr-alkagreens-poeder-300-g
8717677967773,MT1413,AlkaGreens poeder - Marine Collageen - 300 g,,740,1,31.95,23.96,ja,https://www.mattisson.nl/marine-collageen-alkagreens-poeder
8717677967834,MT1417,Biologisch AlkaGreens poeder - 300 g,,559,1,33.95,25.46,ja,https://www.mattisson.nl/biologische-alkagreens-poeder
8717677961597,MT1565,Biologisch Lijnzaad Gebroken - 300 g,,505,1,3.95,3.95,nee,https://www.mattisson.nl/biologisch-lijnzaad-gebroken
8717677964239,MT1571,Biologisch Amandelmeel - 300 g,,690,1,9.95,9.95,ja,https://www.mattisson.nl/biologisch-amandelmeel
8717677961764,MT2134,Bijenpollen - Stuifmeelkorrels - 300 g,,687,1,15.95,11.96,ja,https://www.mattisson.nl/bijenpollen-stuifmeelkorrels
8720289191214,MT2237,Biologisch Carobe poeder - 400 g,,595,1,7.95,7.95,ja,https://www.mattisson.nl/biologische-carobe-poeder
8717677962037,MT2188,Biologische Cacao Boter - 300 g,,569,1,24.95,24.95,ja,https://www.mattisson.nl/biologische-cacao-boter
8717677968343,MT2235,Baking Soda - Zuiveringszout - 300 g,,754,1,4.45,4.45,ja,https://www.mattisson.nl/baking-soda-zuiveringszout-300g
8717677966349,MT2626,"Biologische Maca Blend - rood, geel & zwart - 300 g",,1059,1,12.95,12.95,ja,https://www.mattisson.nl/biologische-maca-blend-rood-geel-zwart
8717677967940,MT3000,Runder Collageen Poeder Peptan® Puur - 300 g,,421,1,22.95,17.21,ja,https://www.mattisson.nl/runder-collageen-poeder-peptanr-puur
8717677967957,MT3002,Marine Collageen Poeder Peptan® Puur - 300 g,,494,1,34.95,26.21,ja,https://www.mattisson.nl/marine-collageen-poeder-peptanr-puur
8717677967964,MT3006,Runder Collageen Poeder Peptan® Blend - Vanille smaak - 300 g,,592,1,23.95,17.96,ja,https://www.mattisson.nl/runder-collageen-poeder-peptanr-blend-vanille-smaak
8717677967971,MT3007,Marine Collageen Poeder Peptan® Blend - 300 g,,535,1,35.95,26.96,ja,https://www.mattisson.nl/marine-collageen-poeder-peptanr-blend
8720289190255,MT3016,Runder Collageen Poeder Solugel® - Grass-Fed - 300 g,,294,1,24.95,18.71,ja,https://www.mattisson.nl/runder-collageen-poeder-solugelr-grass-fed
8717677966318,MT4115,Biologische Bijenpollen - Stuifmeelkorrels - 300 g,,551,1,24.95,18.71,ja,https://www.mattisson.nl/biologische-bijenpollen-stuifmeelkorrels
8720289192723,MT4142,Biologische Kokosmelk poeder - 200 g,,884,1,12.95,12.95,ja,https://www.mattisson.nl/biologische-kokosmelk-poeder
8717677964161,MT2220,Vitamine D3 25mcg - 300 capsules,,596,1,19.95,14.96,ja,https://www.mattisson.nl/vitamine-d3-25mcg-300-capsules
8717677968534,MT4130,Vegan MCT poeder - 330 g,,702,1,24.95,18.71,ja,https://www.mattisson.nl/vegan-mct-poeder-puur-kokosnoot
8717677964352,MT1574,Biologische Amandel Proteïne 50% - 350 g,,555,1,23.95,17.96,ja,https://www.mattisson.nl/biologische-amandel-proteine-50
8717677965014,MT1594,Biologisch Tapiocameel - 350 g,,646,1,3.95,3.95,ja,https://www.mattisson.nl/biologisch-tapiocameel
8717677964826,MT1713,Biologisch Tijgernoot Meel - 350 g,,112,1,8.95,8.95,ja,https://www.mattisson.nl/biologisch-tijgernoot-meel
8717677962105,MT2825,Erwten Proteïne 86% - 350 g,,612,1,14.95,11.21,ja,https://www.mattisson.nl/erwten-proteine-86
8717677962112,MT2827,Erwten Proteïne Vanille 80% - 350 g,,527,1,14.95,11.21,ja,https://www.mattisson.nl/erwten-proteine-vanille-80-350-g
8717677964345,MT2828,Biologische Erwten Proteïne gefermenteerd 80% - 350 g,,387,1,18.95,14.21,ja,https://www.mattisson.nl/biologische-erwten-proteine-80
8717677964376,MT2868,Biologische Soja Proteïne poeder 90% - 350 g,,438,1,15.95,11.96,ja,https://www.mattisson.nl/biologische-soja-proteine-poeder-90
8717677969142,MT4131,"Vegan Keto Proteïne Shake - Erwten, rijst & MCT - 350 g",,671,1,19.95,14.96,ja,https://www.mattisson.nl/vegan-keto-proteine-shake-erwten-rijst-mct
8717677969258,MT9095,Vitamine C poeder - Zuiver Ascorbinezuur - 350 g,,599,1,14.95,11.21,ja,https://www.mattisson.nl/vitamine-c-poeder-zuiver-ascorbinezuur
8717677962211,MT1536,Biologisch Hennepzaad ongepeld - 400 g,,612,1,5.45,5.45,ja,https://www.mattisson.nl/biologisch-hennepzaad-ongepeld
8717677964253,MT1573,Biologische Grove Havermout - 400 g,,615,1,3.95,3.95,ja,https://www.mattisson.nl/biologische-grove-havermout
8717677963362,MT2044,Keltisch Zeezout grof - Celtic Seasalt - 400 g,,520,1,4.45,4.45,ja,https://www.mattisson.nl/keltisch-zeezout-grof-400-g
8720289190071,MT2809,Kikkererwt proteïne poeder 63% - 400 g,,721,1,19.95,14.96,ja,https://www.mattisson.nl/kikkererwt-proteine-poeder-63
8717677962075,MT2810,Biologische Hennep Proteïne poeder 57% - 400 g,,549,1,19.95,14.96,ja,https://www.mattisson.nl/biologische-hennep-proteine-poeder-57
8717677962167,MT2815,Rijst Proteïne Poeder Naturel 80% - 400 g,,619,1,14.95,11.21,ja,https://www.mattisson.nl/rijst-proteine-poeder-naturel-80
8717677964536,MT2866,Zonnebloem Proteïne poeder 45% - 400 g,,576,1,14.95,11.21,ja,https://www.mattisson.nl/zonnebloem-proteine-poeder-45
8717677965502,MT2870,Biologische Vegan Proteïne Blend poeder 67% - 400 g,,723,1,21.95,16.46,ja,https://www.mattisson.nl/biologische-vegan-proteine-blend-poeder-67
8717677968565,MT3013,Kippen Botten Bouillon - Chicken Bone Broth - 400 g,,527,1,25.95,25.95,ja,https://www.mattisson.nl/kippen-botten-bouillon
8717677965496,MT4112,Erythritol - 400 g,,529,1,6.95,6.95,ja,https://www.mattisson.nl/erythritol-400-g
8717677967001,MT4117,Biologische Erythritol - 400 g,,675,1,9.45,9.45,ja,https://www.mattisson.nl/biologische-erythritol
8717677967087,MT4118,Xylitol - Berkensuiker - 400 g,,598,1,9.95,9.95,ja,https://www.mattisson.nl/xylitol-berkensuiker
8717677964802,MT1712,Biologische Tijgernoot - Gepeld - 450 g,,553,1,10.95,10.95,ja,https://www.mattisson.nl/biologische-tijgernoot-gepeld
8717677961894,MT2133,Biologische Arenga Palm Suiker - 450 g,,601,1,7.95,7.95,ja,https://www.mattisson.nl/biologische-arenga-palm-suiker
8717677962686,MT2171,Biologische Kokosbloesem Suiker - 450 g,,500,1,6.95,6.95,ja,https://www.mattisson.nl/biologische-kokosbloesem-suiker
8717677961818,MT2185,Biologische Rauwe Cacao bonen - 450 g,,587,1,22.95,22.95,ja,https://www.mattisson.nl/biologische-rauwe-cacaobonen-450-g
8717677967827,MT2801,Biologische Magere Melkpoeder - 450 g,,533,1,14.95,14.95,ja,https://www.mattisson.nl/biologische-magere-melkpoeder
8717677964338,MT2844,Biologische Wei Proteïne poeder 75% - Cacao - 450 g,,753,1,39.95,29.96,ja,https://www.mattisson.nl/biologische-wei-proteine-poeder-75-cacao
8717677964987,MT2846,Wei Proteïne poeder 78% - Vanille - 450 g,,439,1,29.95,22.46,ja,https://www.mattisson.nl/sport-wei-proteine-poeder-78-vanille
8717677965045,MT2849,Wei Proteïne poeder 80% - Naturel - 450 g,,783,1,29.95,22.46,ja,https://www.mattisson.nl/sport-wei-proteine-poeder-80-naturel
8717677962136,MT1560,Biologisch Golden Lijnzaad - 500 g,,615,1,4.95,4.95,ja,https://www.mattisson.nl/biologisch-golden-lijnzaad
8717677964642,MT1590,Biologische Rijstmeel - 500 g,,710,1,4.95,4.95,ja,https://www.mattisson.nl/biologische-rijstmeel
8717677965854,MT2227,Himalaya Zout fijn - Navulzak 500 g,,602,1,4.95,4.95,ja,https://www.mattisson.nl/himalaya-zout-fijn-navulzak-500-g
8717677963065,MT2816,Biologische Rijst Proteïne Poeder 80% - Naturel - 500 g,,530,1,19.95,14.96,ja,https://www.mattisson.nl/biologische-rijst-proteine-poeder-naturel-80
8717677963072,MT2817,Rijst Proteïne poeder 80% - Vanille -  500 g,,482,1,17.95,13.46,ja,https://www.mattisson.nl/rijst-proteine-poeder-vanille-80
8717677962853,MT2830a,Zeewier Eiwit SuperShake 80% - Vanille - 500 g,,765,1,29.95,22.46,ja,https://www.mattisson.nl/zeewier-eiwit-supershake-80-vanille
8717677963799,MT1390,Biologische Berkensap - 100% puur - 500 ml,,624,1,17.95,17.95,ja,https://www.mattisson.nl/biologische-berkensap-100-puur
8717677965311,MT1391,Biologische Kombucha - Rooibos & Rozemarijn - 500 ml,,871,1,5.95,5.95,ja,https://www.mattisson.nl/biologische-kombucha-rooibos-rozemarijn
8717677965328,MT1392,Biologische Kombucha - Groene thee & Bloesem - 500 ml,,835,1,5.95,5.95,ja,https://www.mattisson.nl/biologische-kombucha-groene-thee-bloesem
8717677965335,MT1393,Biologische Kombucha - Green tea Balance - 500 ml,,774,1,5.95,5.95,ja,https://www.mattisson.nl/biologische-kombucha-green-tea-balance
8717677965359,MT1394,Biologische Living Lemonade - Gember & Kurkuma - 500 ml,,929,1,5.95,5.95,ja,https://www.mattisson.nl/biologische-living-lemonade-gember-kurkuma
8717677967629,MT1398,Biologische Kombucha - Gember & Matcha - 500 ml,,935,1,5.95,5.95,ja,https://www.mattisson.nl/biologische-kombucha-gember-matcha
8717677968008,MT1509,Biologische MCT Olie Blend - C8 & C10 - 500 ml,,619,1,20.95,15.71,ja,https://www.mattisson.nl/biologische-mct-olie-blend-c8-c10
8717677960101,MT1520,Biologische Kokosolie - Ontgeurd - 500 ml,,645,1,7.95,7.95,ja,https://www.mattisson.nl/biologische-kokosolie-ontgeurd
8717677962280,MT1550,Biologische Kokosolie - Extra Virgin - 500 ml,,697,1,10.25,10.25,ja,https://www.mattisson.nl/biologische-kokosolie-extra-virgin
8717677965342,MT2351,Biologische Aquakefir - Vijgen & Citroen - 500 ml,,764,1,6.95,6.95,ja,https://www.mattisson.nl/biologische-aquakefir-vijgen-citroen
8717677969272,MT1280,Resveratrol 98% - 125 mg - 60 capsules,,673,1,25.95,19.46,ja,https://www.mattisson.nl/resveratrol-98-350mg-capsules
8717677969944,MT1478,Astaxanthine 4mg - 60 capsules,,456,1,22.95,17.21,ja,https://www.mattisson.nl/astaxanthine-4mg-capsules
8720289190040,MT2018,Biologische Ginkgo Biloba - 60 capsules,,605,1,15.95,11.96,ja,https://www.mattisson.nl/biologische-ginkgo-biloba-capsules
8717677965670,MT2021,Zwarte Knoflook ABG10+® - 250mg - 60 capsules,,679,1,17.95,13.46,ja,https://www.mattisson.nl/zwarte-knoflook-abg10-r-250mg-capsules
8717677963294,MT2053,Biologische Cordyceps 525mg - 60 capsules,,704,1,19.95,14.96,ja,https://www.mattisson.nl/biologische-cordyceps-525mg-capsules
8720289190941,MT2058,Scutellaria extract 2500mg - 60 capsules,,750,1,19.95,14.96,ja,https://www.mattisson.nl/scutellaria-extract-2500mg-capsules
8717677965687,MT2111,Astaxanthine Complex - 60 capsules,,392,1,26.95,20.21,ja,https://www.mattisson.nl/astaxanthine-complex-capsules
8717677961863,MT2112,Resveratrol 98% Veri-te™ - 125 mg - 60 capsules,,676,1,25.95,19.46,ja,https://www.mattisson.nl/resveratrol-98-veri-tetm-350mg-capsules
8717677962365,MT2120,Royal Jelly - Koninginnegelei - 60 capsules,,677,1,24.95,18.71,ja,https://www.mattisson.nl/royal-jelly-koninginnegelei-60-capsules
8717677961665,MT2153,Biologische Camu Camu 500mg - 60 capsules,,409,1,17.95,13.46,ja,https://www.mattisson.nl/biologische-camu-camu-500mg-capsules
8717677961689,MT2157,Biologisch Moringa Blad 400mg - 60 capsules,,616,1,13.95,10.46,ja,https://www.mattisson.nl/biologisch-moringa-blad-400mg-capsules
8717677961122,MT2177,Amla Berry Extract 500mg - 60 capsules,,404,1,15.95,11.96,ja,https://www.mattisson.nl/amla-berry-extract-500mg-60-capsules
8717677961139,MT2178,Bitter Melon extract - 60 capsules,,643,1,15.95,11.96,ja,https://www.mattisson.nl/bitter-melon-extract-capsules
8717677965779,MT2331,Omega 3-6-9 - Vis- teunisbloem- en lijnzaadolie - 60 capsules,,541,1,19.95,14.96,ja,https://www.mattisson.nl/omega-3-6-9-capsules-vis-teunisbloem-en-lijnzaadolie
8717677965717,MT2346,Krill olie Omega 3 - 500mg - 60 capsules,,565,1,22.95,17.21,nee,https://www.mattisson.nl/krill-olie-omega-3-500mg-capsules
8717677965762,MT2349,Royal Jelly & Ginseng - 60 capsules,,610,1,19.95,14.96,ja,https://www.mattisson.nl/royal-jelly-ginseng-capsules
8717677965113,MT2350,Kefir Melkzuurbacteriën 13 miljard CFU - 60 capsules,,664,1,21.95,16.46,ja,https://www.mattisson.nl/kefir-melkzuurbacterien-13-miljard-cfu-60-capsules
8717677967056,MT2806,L-Tryptofaan 500mg - 60 capsules,,421,1,21.95,16.46,ja,https://www.mattisson.nl/l-tryptofaan-500mg-capsules
8717677966325,MT5528,CBD Olie 10mg - 60 capsules,,395,1,26.95,20.21,ja,https://www.mattisson.nl/cbd-olie-10mg-capsules
8717677966332,MT5529,CBD Olie 15mg - 60 capsules,,656,1,29.95,22.46,ja,https://www.mattisson.nl/cbd-olie-15mg-capsules
8717677968039,MT1844,Probisson®  met Prebiotica - 1000mg - 60 capsules,,715,1,22.95,17.21,ja,https://www.mattisson.nl/probissonr-met-prebiotica-1000mg-60-capsules
8717677964680,MT2071,Algenmix - 60 g,,916,1,12.95,12.95,ja,https://www.mattisson.nl/algenmix-60-g
8717677968206,MT1270,Groenlipmossel complex - 60 tabletten,,662,1,26.95,20.21,ja,https://www.mattisson.nl/groenlipmossel-complex-tabletten
8717677968503,MT1703,Zuurbalans - Rode Zeealg extract - 60 tabletten,,708,1,10.95,8.21,ja,https://www.mattisson.nl/zuurbalans-rode-zeealg-extract-tabletten
8717677968398,MT1704,Granaatappel extract 500mg - 60 tabletten,,379,1,19.95,14.96,ja,https://www.mattisson.nl/granaatappel-extract-500mg-tabletten
8717677967049,MT2216,Vitamine K2 MK7 Menaquinone - 200 mcg - 60 tabletten,,514,1,19.95,14.96,ja,https://www.mattisson.nl/vitamine-k2-mk7-menaquinone-200-mcg-tabletten
8717677965076,MT2606,Vitamine B12 - 1000 mcg - 60 zuigtabletten,,587,1,13.95,10.46,ja,https://www.mattisson.nl/vitamine-b12-1000-mcg-zuigtabletten
8717677965083,MT2607,Vitamine B12 - 5000 mcg - 60 zuigtabletten ,,606,1,17.95,13.46,ja,https://www.mattisson.nl/vitamine-b12-5000-mcg-zuigtabletten
8717677968381,MT4010,RVS Thermo Drinkfles - 500 ml,,107,1,16.95,16.95,ja,https://www.mattisson.nl/rvs-thermo-drinkfles-500-ml
8717677968350,MT2236,Baking Soda - Zuiveringszout - 650 g,,653,1,5.75,5.75,ja,https://www.mattisson.nl/baking-soda-zuiveringszout-650g
8717677960699,MT1430,AlkaBalans Zuurbase Badzout - 700 g,,636,1,19.95,19.95,ja,https://www.mattisson.nl/alkabalans-zuurbase-badzout
8717677961634,MT1350,Biologisch Aloë Vera Sap - 100% puur - 750 ml,,808,1,10.95,10.95,ja,https://www.mattisson.nl/biologisch-aloe-vera-sap-100-puur
8717677968886,MT1361,Biologische Cranberry Sap - Ongezoet - 750 ml,,675,1,10.95,10.95,ja,https://www.mattisson.nl/biologische-cranberry-sap-ongezoet
8717677968732,MT1387,Biologische Granaatappel Sap - 750 ml,,677,1,7.95,7.95,ja,https://www.mattisson.nl/biologische-granaatappel-sap
8717677963683,MT1485,Europese Chlorella 775mg - 90 capsules,,605,1,15.95,11.96,ja,https://www.mattisson.nl/europese-chlorella-775mg-capsules
8717677968923,MT1494,Biologische Zwarte Komijn olie 500mg - 90 capsules,,718,1,22.95,17.21,ja,https://www.mattisson.nl/biologische-zwarte-komijn-olie-500mg-capsules
8717677967018,MT1708,Biologische Matcha 500mg - 90 capsules,,646,1,24.95,18.71,ja,https://www.mattisson.nl/biologische-matcha-500mg-capsules
8717677962334,MT2117,Soja Lecithine 1200mg - 90 capsules,,647,1,15.95,11.96,ja,https://www.mattisson.nl/soja-lecithine-1200mg-capsules
8717677961757,MT2143,Colostrum 30% igG - 90 capsules ,,480,1,21.95,16.46,ja,https://www.mattisson.nl/colostrum-capsules-30-igg
8717677962204,MT2215,Vitamine C Gebufferd - 90 capsules,,614,1,19.95,14.96,nee,https://www.mattisson.nl/vitamine-c-gebufferd-1000mg-capsules
8717677965281,MT2341,PEA strong (PalmitoylEthanolAmide) 400mg - 90 capsules,,443,1,34.95,26.21,ja,https://www.mattisson.nl/pea-strong-palmitoylethanolamide-400mg-capsules
8720289192761,MT2400,Aquamin Magnesium - 90 capsules,,508,1,17.95,13.46,ja,https://www.mattisson.nl/vegan-aquamin-magnesium-capsules
8720289192778,MT2402,Vegan Aquamin Calcium - 90 capsules,,547,1,17.95,13.46,ja,https://www.mattisson.nl/vegan-aquamin-calcium-capsules
8717677960262,MT2615,Biologische Active Maca 750mg - 90 capsules,,643,1,15.95,11.96,ja,https://www.mattisson.nl/biologische-gele-maca-750mg-90-capsules
8717677960248,MT2805,L-Lysine+ met vitamine C - 90 capsules,,559,1,15.95,11.96,ja,https://www.mattisson.nl/l-lysine-capsules-met-vitamine-c
8717677967704,MT4110,Biologische Psyllium 750mg - 90 capsules,,724,1,15.95,11.96,ja,https://www.mattisson.nl/biologische-psyllium-750mg-capsules
8717677960316,MT1705,Ashwagandha 450mg - 90 tabletten,,654,1,21.95,16.46,ja,https://www.mattisson.nl/absolute-ashwagandha-450mg-tabletten
8717677968213,MT2027,Cranberry D-Mannose met Berendruif extract - 90 tabletten ,,713,1,19.95,14.96,ja,https://www.mattisson.nl/cranberry-d-mannose-tabletten-met-berendruif-extract
8720289192822,MT2616,Rhodiola Extract 5% - 60 capsules,,706,1,25.95,19.46,ja,https://www.mattisson.nl/rhodiola-extract-poeder-5
8720289192839,MT1916,Vegan Humuszuur - 500 ml,,718,1,33.95,25.46,ja,https://www.mattisson.nl/vegan-humuszuur-500-ml
8717677968251,MT3008,Collageen - Colartix® - 180 capsules,180 caps,674,1,46.95,35.21,ja,https://www.mattisson.nl/collageen-blend-capsules-colartixr
8717677968060,MT3004,Collageen - Colartix® - 60 capsules,60 caps,674,1,23.95,17.96,ja,https://www.mattisson.nl/collageen-blend-capsules-colartixr
8717677968572,MT1499,MCT Olie C8 - 99% Caprylzuur - 1 L,1000 ml,716,1,38.95,29.21,ja,https://www.mattisson.nl/mct-olie-c8-99-caprylzuur
8717677967926,MT1508,MCT Olie C8 - 99% Caprylzuur - 250 ml,250 ml,716,1,13.45,10.09,ja,https://www.mattisson.nl/mct-olie-c8-99-caprylzuur
8717677967698,MT1507,MCT Olie C8 - 95% Caprylzuur - 500 ml,500 ml,716,1,20.95,15.71,ja,https://www.mattisson.nl/mct-olie-c8-99-caprylzuur
8717677968411,MT1519,MCT Olie Blend - C8 & C10 - 250 ml,250 ml,676,1,13.45,10.09,ja,https://www.mattisson.nl/mct-olie-blend-c8-c10
8717677965526,MT1506,MCT Olie Blend - C8 & C10 - 500 ml,500 ml,676,1,19.95,14.96,ja,https://www.mattisson.nl/mct-olie-blend-c8-c10
8717677969197,MT1472,Vegan Omega-3 Algenolie - DHA 210mg & EPA 70mg - 60 capsules,60 caps,607,1,19.95,14.96,ja,https://www.mattisson.nl/vegan-omega-3-algenolie-dha-210mg-epa-70mg
8717677969203,MT1473,Vegan Omega-3 Algenolie - DHA 210mg & EPA 70mg - 120 capsules,120 caps,607,1,34.95,26.21,ja,https://www.mattisson.nl/vegan-omega-3-algenolie-dha-210mg-epa-70mg
8717677969227,MT1477,Vegan Omega-3 Algenolie - DHA 250mg - 120 capsules,120 caps,554,1,34.95,26.21,ja,https://www.mattisson.nl/vegan-omega-3-algenolie-dha-260mg
8717677969210,MT1476,Vegan Omega-3 Algenolie - DHA 250mg - 60 capsules,60 caps,554,1,17.95,13.46,ja,https://www.mattisson.nl/vegan-omega-3-algenolie-dha-260mg
8717677965304,MT1492,Vegan Omega-3 Algenolie - DHA 150mg & EPA 75mg - 120 capsules,120 caps,602,1,34.95,26.21,ja,https://www.mattisson.nl/vegan-omega-3-algenolie-dha-150mg-epa-75mg
8717677969050,MT1495,Vegan Omega-3 Algenolie - DHA 150mg & EPA 75mg - 180 capsules,180 caps,602,1,49.95,37.46,ja,https://www.mattisson.nl/vegan-omega-3-algenolie-dha-150mg-epa-75mg
8717677965298,MT1491,Vegan Omega-3 Algenolie - DHA 150mg & EPA 75mg - 60 capsules,60 caps,602,1,19.95,14.96,ja,https://www.mattisson.nl/vegan-omega-3-algenolie-dha-150mg-epa-75mg
8717677963188,MT2045,Keltisch Zeezout grof - Celtic Seasalt - Navulzak 1 kg,1000 g,573,1,4.45,4.45,ja,https://www.mattisson.nl/keltisch-zeezout-grof-celtic-seasalt-navulzak
8717677964284,MT2048,Keltisch Zeezout grof - Celtic Seasalt - Navulzak 5 kg,5000 g,573,1,18.95,18.95,ja,https://www.mattisson.nl/keltisch-zeezout-grof-celtic-seasalt-navulzak
8717677968329,MT2233,Bitterzout - Epsom zout - 275 g,275 g,724,1,3.95,3.95,ja,https://www.mattisson.nl/bitterzout-epsom-zout
8717677968336,MT2234,Bitterzout - Epsom zout - 650 g,650 g,724,1,5.49,5.49,ja,https://www.mattisson.nl/bitterzout-epsom-zout
8717677966202,MT1539,"CBD Olie 5,0% - 20 ml",20 ml,689,1,39.95,29.96,ja,https://www.mattisson.nl/cbd-olie-5-0
8717677965816,MT1534,"CBD Olie 5,0% - 10 ml",10 ml,689,1,25.95,19.46,ja,https://www.mattisson.nl/cbd-olie-5-0
8717677968855,MT5525,CBD Olie 10% - 10 ml,10 ml,700,1,39.95,29.96,ja,https://www.mattisson.nl/cbd-olie-10
8717677968954,MT5530,CBD Olie 10% - 20 ml,20 ml,700,1,69.95,52.46,ja,https://www.mattisson.nl/cbd-olie-10
8717677965120,MT1528,"CBD Olie 2,78% - 10 ml",10 ml,506,1,13.95,10.46,nee,https://www.mattisson.nl/cbd-olie-2-78
8717677965137,MT1529,"CBD Olie 2,78% - 20 ml",20 ml,506,1,21.95,16.46,ja,https://www.mattisson.nl/cbd-olie-2-78
8717677965151,MT1860,Colloïdaal Zilverwater 15PPM - 100 ml,100 ml,122,1,17.95,17.95,ja,https://www.mattisson.nl/colloidaal-zilverwater-15ppm
8720289190293,MT1862,Colloïdaal Zilverwater 15PPM - 1L,1000 ml,122,1,39.95,39.95,ja,https://www.mattisson.nl/colloidaal-zilverwater-15ppm
8717677961542,MT2160,Goji Bessen gedroogd - 1 kg,1000 g,654,1,25.95,25.95,ja,https://www.mattisson.nl/goji-bessen-gedroogd
8717677961535,MT2155,Goji Bessen gedroogd - 350 g,350 g,654,1,10.95,10.95,ja,https://www.mattisson.nl/goji-bessen-gedroogd
8717677961931,MT1535,Biologisch Hennepzaad gepeld - 250g,250 g,632,1,6.45,6.45,ja,https://www.mattisson.nl/biologisch-hennepzaad-gepeld
8717677963003,MT1538,Biologisch Hennepzaad gepeld - 500 g,500 g,632,1,11.95,11.95,ja,https://www.mattisson.nl/biologisch-hennepzaad-gepeld
8720289192907,MT2811,Biologisch Hennepzaad Gepeld - 800g,800 g,632,1,16.95,16.95,ja,https://www.mattisson.nl/biologisch-hennepzaad-gepeld
8717677963034,MT1549,Biologisch Chiazaad Raw - 1 kg,1000 g,682,1,12.95,12.95,ja,https://www.mattisson.nl/biologisch-chiazaad-raw
8717677962419,MT1544a,Biologisch Chiazaad Raw - 250 g,250 g,682,1,5.95,5.95,ja,https://www.mattisson.nl/biologisch-chiazaad-raw
8717677963027,MT1548,Biologisch Chiazaad Raw - 500 g,500 g,682,1,7.95,7.95,ja,https://www.mattisson.nl/biologisch-chiazaad-raw
8717677962235,MT1542,Chiazaad Raw - 500 g,500 g,639,1,7.95,7.95,ja,https://www.mattisson.nl/chiazaad-raw
8717677962310,MT1543,Chiazaad Raw - 1 kg,1000 g,639,1,12.95,12.95,ja,https://www.mattisson.nl/chiazaad-raw
8720289191146,MT2322,Magnesium Tauraat met Vitamine B6 - 120 capsules,120 caps,528,1,24.95,18.71,ja,https://www.mattisson.nl/magnesium-tauraat-capsules-met-vitamine-b6
8720289191139,MT2321,Magnesium Tauraat met Vitamine B6 - 60 capsules,60 caps,528,1,15.95,11.96,ja,https://www.mattisson.nl/magnesium-tauraat-capsules-met-vitamine-b6
8717677963768,MT2325,Magnesium Citraat 400 mg - 60 mg elementair magnesium - 180 capsules,180 caps,845,1,23.95,17.96,ja,https://www.mattisson.nl/magnesium-citraat-capsules-60-mg-elementair
8717677961603,MT2320,Magnesium Citraat - 60 mg elementair magnesium - 60 capsules,60 caps,845,1,9.95,7.46,ja,https://www.mattisson.nl/magnesium-citraat-capsules-60-mg-elementair
8717677961856,MT2625,Biologische Gele Maca poeder - 300 g,300 g,634,1,9.95,9.95,ja,https://www.mattisson.nl/biologische-gele-maca-poeder
8717677968367,MT2627,Biologische Gele Maca poeder - 150 g,150 g,634,1,5.95,5.95,nee,https://www.mattisson.nl/biologische-gele-maca-poeder
8717677962273,MT2630,Biologische Gele Maca poeder - 1 kg,1000 g,634,1,24.95,24.95,ja,https://www.mattisson.nl/biologische-gele-maca-poeder
8717677962938,MT2193,Biologische Matcha poeder - 125 g,125 g,512,1,15.95,11.96,ja,https://www.mattisson.nl/biologisch-matcha-poeder
8720289192747,MT4144,Biologische Matcha poeder - 350 g,350 g,512,1,37.95,28.46,ja,https://www.mattisson.nl/biologisch-matcha-poeder
8717677962907,MT2183,Colostrum Poeder - 30% igG - 125 g,125 g,618,1,38.95,29.21,ja,https://www.mattisson.nl/colostrum-poeder-30-igg
8720289192730,MT4143,Colostrum Poeder - 30% igG - 220 g,220 g,618,1,66.95,50.21,ja,https://www.mattisson.nl/colostrum-poeder-30-igg
8717677964543,MT1514,Biologische Hennepzaadolie - 250 ml,250 ml,659,1,8.95,8.95,ja,https://www.mattisson.nl/biologische-hennepzaadolie
8717677960095,MT1515,Biologische Hennepzaadolie - 500 ml,500 ml,659,1,15.95,15.95,ja,https://www.mattisson.nl/biologische-hennepzaadolie
8717677961610,MT2170,Biologische Cacao Nibs - 150 g,150 g,778,1,8.95,8.95,ja,https://www.mattisson.nl/biologische-cacao-nibs
8717677961795,MT2180,Biologische Cacao Nibs - 400 g,400 g,778,1,16.95,16.95,ja,https://www.mattisson.nl/biologische-cacao-nibs
8717677961832,MT2186,Biologische Cacao poeder - 100 g,100 g,622,1,6.45,6.45,ja,https://www.mattisson.nl/biologisch-cacao-poeder
8717677961849,MT2187,Biologische Cacao poeder - 300 g,300 g,622,1,12.95,12.95,ja,https://www.mattisson.nl/biologisch-cacao-poeder
8717677964222,MT1580,Biologische Ghee - Geklaarde boter - 300 g,300 g,720,1,14.95,14.95,ja,https://www.mattisson.nl/biologische-ghee-geklaarde-boter
8717677966042,MT1579,Biologische Ghee - Geklaarde boter - 500 g,500 g,720,1,21.95,21.95,ja,https://www.mattisson.nl/biologische-ghee-geklaarde-boter
8720289191627,MT3034,Biologische Botten Bouillon Gevogelte - Bone Broth Poultry - 240ml,,513,1,6.95,6.95,ja,https://www.mattisson.nl/organic-poultry-bone-broth-botten-boullion-gevogelte-240ml
8720289191634,MT1399,Biologische Ginger+ Boost - Gemberdrank - 500 ml,,616,1,15.95,15.95,ja,https://www.mattisson.nl/biologische-ginger-boost-shot-500-ml
8720289191597,MT3031,Biologische Runder Botten Bouillon - Beef Bone Broth - 240 ml,,560,1,6.95,6.95,ja,https://www.mattisson.nl/biologische-runder-botten-bouillon-beef-bone-broth-240-ml
8720289191696,MT1924,Biologisch Kokosazijn - 500 ml,,688,1,7.95,7.95,ja,https://www.mattisson.nl/biologisch-kokosazijn-500-ml
8720289191672,MT1922,Biologische Apple Cider Vinegar (appelazijn) - Gember & Kurkuma - 500 ml,,624,1,6.95,6.95,nee,https://www.mattisson.nl/biologische-appel-cider-vinegar-appelazijn-gember-kurkuma-500-ml
8720289191689,MT1923,Biologische Apple Cider Vinegar (appelazijn) - Kaneel & Kurkuma - 500 ml,,698,1,6.95,6.95,ja,https://www.mattisson.nl/biologische-appel-cider-vinegar-appelazijn-kaneel-kurkuma-500-ml
8720289192235,MT1457,Biologische Alkagreens - 180 capsules,,1169,1,24.95,18.71,ja,https://www.mattisson.nl/biologische-alkagreens-capsules
8720289192204,MT1497,Biologische MCT Olie C8 - 500ml,,780,1,23.95,17.96,ja,https://www.mattisson.nl/biologische-mct-olie-c8-500ml
8720289191641,MT2807,Vegan N-Acetyl-L-Cysteïne (NAC) 600 mg - 60 capsules,,414,1,19.95,14.96,ja,https://www.mattisson.nl/n-acetyl-l-cysteine-60-v-caps
8720289192198,MT2267,Vegan Liposomaal Glutathion - 60 capsules,,541,1,46.95,35.21,ja,https://www.mattisson.nl/liposomaal-glutathion
8720289191559,MT1461,Vegan Reds Blend poeder - Collagen Alternative - 350 g,,825,1,27.95,20.96,ja,https://www.mattisson.nl/reds-blend-collageen-poeder
8720289191566,MT3019,Vegan Collagen Alternative - 60 Capsules,,469,1,20.95,15.71,ja,https://www.mattisson.nl/collageen-booster-capsules
8720289191542,MT1460,Biologische Reds Blend Poeder - 400 g,,328,1,26.95,20.21,ja,https://www.mattisson.nl/biologische-reds-blend-poeder
8720791840464,MT2360,Pompoenpitolie met vitamine E - 1000mg - 60 capsules,,725,1,17.95,13.46,ja,https://www.mattisson.nl/pompoenpitolie-met-vitamine-e-1000mg-60-capsules
8720791840563,MT2370,Hennepzaadolie 1000mg - 60 capsules,,707,1,13.95,10.46,ja,https://www.mattisson.nl/hennepzaadolie-1000mg-60-capsules
8720791840600,MT2372,Omega 3 Visolie 1000 mg - DHA 230 mg & EPA 455 mg - 60 capsules,,470,1,20.95,15.71,ja,https://www.mattisson.nl/omega-3-visolie-1000-mg-dha-230-mg-epa-455-mg-60-capsules
8720791840617,MT2373,Valeriaan Relax Complex 75 mg - 60 capsules,,690,1,19.95,14.96,ja,https://www.mattisson.nl/valeriaan-relax-complex-75-mg-60-capsules
8720791840624,MT2374,Biotine - Vitamine B8 - 1000mcg - 60 tabletten,,528,1,13.95,10.46,ja,https://www.mattisson.nl/biotine-vitamine-b8-1000mcg-60-tabletten
8720791840587,MT1261,"Glucosamine Chondroïtine met MSM, Vitamine C & D3 - 60 tabletten",,680,1,18.95,14.21,ja,https://www.mattisson.nl/glucosamine-chondroitine-met-msm-vitamine-c-d3-60-tabletten
8720791840648,MT2318,Zink Gluconaat 25 mg - 60 tabletten,,443,1,9.95,7.46,nee,https://www.mattisson.nl/zink-gluconaat-25-mg-60-tabletten
8720791840471,MT2361,Lijnzaadolie 1000mg - 90 capsules,,859,1,17.95,13.46,ja,https://www.mattisson.nl/lijnzaadolie-1000mg-90-capsules
8720791840488,MT2362,Knoflookolie 1000mg - 60 capsules,,667,1,10.95,8.21,ja,https://www.mattisson.nl/knoflookolie-1000mg-60-capsules
8720791840532,MT2367,Tarwekiemolie 1000mg - 90 capsules,,694,1,15.95,11.96,nee,https://www.mattisson.nl/tarwekiemolie-1000mg-90-capsules
8720791840495,MT2363,Borage Olie met vitamine E & GLA - 1000mg - 60 capsules,,763,1,22.95,17.21,ja,https://www.mattisson.nl/borage-olie-met-vitamine-e-gla-1000mg-60-capsules
8720791840501,MT2364,Teunisbloemolie met vitamine E - 1000mg - 90 capsules,,690,1,24.95,18.71,ja,https://www.mattisson.nl/teunisbloemolie-met-vitamine-e-1000mg-90-capsules
8720791840549,MT2368,CLA - Geconjugeerd Linolzuur  - 800 mg - 90 capsules,,634,1,19.95,14.96,ja,https://www.mattisson.nl/cla-geconjugeerd-linolzuur-800-mg-90-capsules
8720791840556,MT2369,Teunisbloem en Borage olie - met 75 mg GLA - 60 capsules,,657,1,19.95,14.96,ja,https://www.mattisson.nl/teunisbloem-en-borage-olie-met-75-mg-gla-60-capsules
8720791840709,MT2210,Vegan vitamine D3 - 75 mcg/3000 IE – 60 capsules ,,592,1,13.95,10.46,ja,https://www.mattisson.nl/vegan-vitamine-d3-75-mcg-3000-ie-60-capsules
8720791840686,MT2617,Biologisch Saffraan - 60 capsules ,,627,1,31.95,23.96,ja,https://www.mattisson.nl/biologisch-saffraan-met-sunfiber-r-60-capsules
8720289192228,MT2871,Biologische Vegan Proteïne Blend 63% - Vanille - 400 g,,522,1,23.95,17.96,ja,https://www.mattisson.nl/biologische-vegan-proteine-blend-63-vanille-400-g
8720791840679,MT2033,Rode Gist Rijst complex - Monacoline K - 90 capsules,,621,1,19.95,14.96,ja,https://www.mattisson.nl/rode-gist-rijst-complex-monacoline-k-90-capsules
8720791840716,MT2316,Magnesium Citraat - 200 mg elementair Magnesium - 60 tabletten ,,489,1,13.95,10.46,ja,https://www.mattisson.nl/magnesium-citraat-200-mg-elementair-magnesium-60-tabletten
8720791840723,MT2375,Vitamine C gebufferd 1000 mg - Calcium Ascorbaat - 90 tabletten,,648,1,19.95,14.96,ja,https://www.mattisson.nl/vitamine-c-gebufferd-1000-mg-calcium-ascorbaat-90-tabletten
8720791840730,MT1112,Biologisch Meidoorn complex tinctuur - 100 ml,,623,1,24.95,18.71,nee,https://www.mattisson.nl/biologisch-meidoorn-complex-100-ml
8720791840747,MT1113,Biologisch Mushroom complex tinctuur - 100 ml,,307,1,24.95,18.71,ja,https://www.mattisson.nl/biologisch-mushroom-complex-100-ml
8720791840761,MT1115,Biologisch Adaptogeen complex tinctuur - 100 ml,,286,1,24.95,18.71,ja,https://www.mattisson.nl/biologisch-adaptogeen-complex-100-ml
8720791840792,MT1118,Biologisch Mariadistel complex tinctuur - 100 ml,,225,1,24.95,18.71,ja,https://www.mattisson.nl/biologisch-mariadistel-complex-100-ml
8720791840815,MT1120,Biologisch Vlierbes complex tinctuur - 100 ml,,234,1,24.95,18.71,ja,https://www.mattisson.nl/biologisch-vlier-complex-100-ml
8720791840839,MT1122,Biologisch Weerstand/Immuun complex tinctuur - 100 ml,,228,1,24.95,18.71,ja,https://www.mattisson.nl/biologisch-weerstand-immuun-complex-100-ml
8720791840846,MT1123,Biologisch Nachtrust complex tinctuur - 100 ml,,291,1,24.95,18.71,ja,https://www.mattisson.nl/biologisch-nachtrust-complex-100-ml
8720791840860,MT1125,Biologisch Echinacea complex tinctuur - 100 ml,,208,1,24.95,18.71,ja,https://www.mattisson.nl/biologisch-echinacea-complex-100-ml
8720791840884,MT2853,Wei Proteïne poeder - Isolaat 93% - 500 g,,682,1,44.95,33.71,ja,https://www.mattisson.nl/wei-proteine-poeder-isolaat-93-500-g
8720791840389,MT1841,Probisson® - Voor moeder en kind - 125 gram,,697,1,24.95,18.71,ja,https://www.mattisson.nl/probissonr-voor-moeder-en-kind-125-gram
8720791840396,MT1842,Probisson® 30 miljard CFU - Met Prebiotica - 125 gram,,656,1,49.95,37.46,ja,https://www.mattisson.nl/probissonr-30-miljard-cfu-met-prebiotica-125-gram
8720791840419,MT2323,"Magnesium Malaat poeder 173 mg - 11,5% elementair magnesium - 200 g",,536,1,25.95,19.46,ja,https://www.mattisson.nl/magnesium-malaat-poeder-173-mg-11-5-elementair-magnesium-200-g
8720791840426,MT2324,"Magnesium Malaat 81 mg - 11,5% elementair magnesium - 90 capsules",,497,1,19.95,14.96,ja,https://www.mattisson.nl/magnesium-malaat-81-mg-11-5-elementair-magnesium-60-capsules
8720791840433,MT2326,Magnesium Citraat Malaat Poeder 195 mg - 13% elementair magnesium - 125 g,,527,1,24.95,18.71,ja,https://www.mattisson.nl/magnesium-citraat-malaat-poeder-195-mg-13-elementair-magnesium-200-g
8720791840440,MT2327,Magnesium Citraat Malaat Capsules 86 mg - 120 capsules,,477,1,19.95,14.96,ja,https://www.mattisson.nl/magnesium-citraat-malaat-capsules-86-mg-120-capsules
8720791840914,MT2005,Biologische Mariadistel 250 mg - 120 capsules,,642,1,17.95,13.46,ja,https://www.mattisson.nl/biologische-mariadistel-250-mg-120-capsules
8720791840402,MT1843,Probisson® 30 miljard CFU - Met Prebiotica - 60 capsules,,679,1,34.95,26.21,ja,https://www.mattisson.nl/probissonr-30-miljard-cfu-met-prebiotica-60-capsules
8720289191580,MT1919,Organisch Silicium 70 mg - 1000 ml,1000 ml,544,1,26.95,20.21,ja,https://www.mattisson.nl/organisch-silicium-70-mg
8720791840693,MT1917,Organisch Silicium 70 mg - 500 ml,500 ml,544,1,17.95,13.46,ja,https://www.mattisson.nl/organisch-silicium-70-mg
8720289192259,MT1442,Royal Kombu 800 mg - 60 capsules,,606,1,17.95,13.46,ja,https://www.mattisson.nl/royal-kombu-800-mg-60-capsules
8720791841003,MT4160,Vitamine C Gebufferd 2000 mg - Calcium- & Magnesium ascorbaat - 250 g,,642,1,26.95,20.21,ja,https://www.mattisson.nl/vitamine-c-gebufferd-poeder
8720791840969,MT2803,Quercetine 250 mg - Phytosome® technologie - 60 capsules,,490,1,22.95,17.21,ja,https://www.mattisson.nl/quercetine-250-mg-phytosomer-technologie-60-capsules
8720791840976,MT2804,Quercetine met Zink en Vitamine C - 250 mg - Phytosome® technologie - 60 capsules,,597,1,24.95,18.71,ja,https://www.mattisson.nl/quercetine-met-zink-en-vitamine-c-250-mg-phytosomer-technologie-60-capsules
8720791840983,MT4150,Biologisch Vezel Complex - Psyllium & Inuline - 275 gram,,696,1,13.95,13.95,ja,https://www.mattisson.nl/biologisch-vezel-complex-psyllium-inuline-275-gram
8720791841027,MT1462,Biologische Reds Blend - Vezels & Antioxidanten - 180 capsules,,766,1,19.95,14.96,ja,https://www.mattisson.nl/biologische-reds-blend-vezels-antioxidanten-180-capsules
8720791841034,MT2314,Calcium citraat 168mg - 120 capsules,,557,1,17.95,13.46,ja,https://www.mattisson.nl/calciumcitraat-168mg-120-capsules
8720791841041,MT5531,CBD Olie 20% - 5 ml,,497,1,54.95,41.21,ja,https://www.mattisson.nl/cbd-olie-20-5-ml
8720791841072,MT1489,Astaxanthine 8mg – 60 capsules,,611,1,35.95,26.96,ja,https://www.mattisson.nl/vegan-astaxanthine-8mg-60-capsules
8720791841126,MT3028,Biologische Bone Broth - 180 capsules,,462,1,24.95,18.71,ja,https://www.mattisson.nl/biologische-bone-broth-180-capsules
8720791841133,MT1849,Biologische Acacia Vezels - 83% Vezels - 200 gram,,812,1,11.95,11.95,ja,https://www.mattisson.nl/biologische-acacia-vezels-83-vezels-350-gram
8720791841140,MT2063,Biologisch Chaga Mushroom Poeder - 100 gram,,682,1,26.95,20.21,ja,https://www.mattisson.nl/biologisch-chaga-mushroom-poeder-100-gram
8720791841492,MT2313,Magnesium Tauraat Poeder - 250 gram,,525,1,25.95,19.46,ja,https://www.mattisson.nl/vegan-magnesium-tauraat-poeder-250-gram
8720791841430,MT2241,Vegan Vitamine D3 - 25 mcg - 25ml,,616,1,17.95,13.46,ja,https://www.mattisson.nl/vegan-vitamine-d3-25-mcg-25ml
8720791841447,MT2242,Vegan Vitamine D3/K - 75 mcg/36 mcg - 25ml,,642,1,24.95,18.71,ja,https://www.mattisson.nl/vegan-vitamine-d3-k-75-mcg-36-mcg-25ml
8720791841454,MT2243,Vegan Vitamine D3 - Baby & Kind - 10 mcg - 25ml,,675,1,14.95,11.21,ja,https://www.mattisson.nl/vegan-vitamine-d3-baby-kind-10-mcg-25ml
8720791841485,MT5532,CBD olie 50mg - 30 capsules,,646,1,46.95,35.21,ja,https://www.mattisson.nl/cbd-olie-50mg-30-capsules
8720791841157,MT2064,Biologisch Chaga Extract 350mg - 60 capsules,,783,1,20.95,15.71,ja,https://www.mattisson.nl/biologisch-chaga-extract-60-capsules
8720791841577,MT2403,L-Theanine 200 mg - 60 Capsules,,475,1,36.95,27.71,ja,https://www.mattisson.nl/l-theanine-200-mg-60-capsules
8720791841560,MT2000,MenstruCare Vitex Agnus Castus - 60 capsules,,667,1,19.95,14.96,ja,https://www.mattisson.nl/menstrucare-vitex-agnus-castus-60-capsules
8720959400295,MT2618,Berberine 500mg - Rerbersa® - 60 capsules,,737,1,31.95,23.96,ja,https://www.mattisson.nl/berberine-500mg-rebersar-60-capsules
8720959400523,MT2407,Selenium methionine 200mcg - 90 capsules,,487,1,21.95,16.46,ja,https://www.mattisson.nl/selenium-methionine-200mcg-90-capsules
8720959400516,MT2406,Zink Methionine 15mg - 90 capsules,,572,1,13.95,10.46,ja,https://www.mattisson.nl/zink-methionine-15mg-90-capsules
8720959400479,MT2036,Biologisch Maitake poeder - 100 gram,,807,1,21.95,21.95,ja,https://www.mattisson.nl/biologisch-maitake-poeder-100-gram
8720959400462,MT2035,Biologische Agaricus 400mg - 60 capsules,,692,1,20.95,15.71,ja,https://www.mattisson.nl/biologische-agaricus-400mg-60-capsules
8720959400455,MT2034,Biologisch Agaricus poeder - 200 gram,,619,1,44.95,44.95,ja,https://www.mattisson.nl/biologisch-agaricus-poeder-200-gram
8720959400448,MT4164,Vegan BCAA - 120 capsules,,443,1,27.95,20.96,ja,https://www.mattisson.nl/vegan-bcaa-120-capsules
8720959400431,MT4163,Vegan BCAA - 250 gram,,439,1,24.95,18.71,ja,https://www.mattisson.nl/vegan-bcaa-250-gram
8720791841508,MT4161,Creatine Monohydraat Poeder - Creapure® - 350 gram ,,671,1,39.95,29.96,ja,https://www.mattisson.nl/creatine-monohydraat-poeder-creapurer-350-gram-1
8720791841515,MT4162,Creatine Monohydraat - Creapure® - 180 capsules,,536,1,26.95,20.21,ja,https://www.mattisson.nl/creatine-monohydraat-creapurer-180-capsules-1
8720289192938,MT2808,Lactoferrine 95% 300mg - 30 capsules,30 caps,479,1,36.95,27.71,ja,https://www.mattisson.nl/lactoferrine-95-300-mg
8720791840952,MT2802,Lactoferrine 95% 300mg - 60 capsules,60 caps,479,1,61.95,46.46,ja,https://www.mattisson.nl/lactoferrine-95-300-mg
8720791841058,MT2818,Lactoferrine 95% 500 mg - 30 capsules,30 caps,498,1,46.95,35.21,ja,https://www.mattisson.nl/lactoferrine-95-500-mg
8720791841065,MT2819,Lactoferrine 95% 500 mg - 60 capsules,60 caps,498,1,79.95,59.96,ja,https://www.mattisson.nl/lactoferrine-95-500-mg
8720791841591,MT1850,Acacia Vezels 83% vezels - 220 gram,,819,1,10.95,10.95,ja,https://www.mattisson.nl/vegan-acacia-vezels-83-vezels-220-gram
8720959401889,MTbundel1,Darm & Spijsvertering Bundel,,230,1,51.90,38.93,ja,https://www.mattisson.nl/darm-spijsvertering-bundel
8720959400301,MT4500,Magnesium Badzout - 900 gram,,523,1,9.95,7.46,ja,https://www.mattisson.nl/magnesium-badzout-900-gram
8720791841645,MT2200,Biologisch Chlorella Spirulina poeder - 125 gram,,842,1,15.95,11.96,ja,https://www.mattisson.nl/organic-chlorella-spirulina-poeder-125-gram
8720791841652,MT2823,Biologisch Vegan proteïne poeder - Erwten & Rijst - 500 g,,502,1,21.95,16.46,ja,https://www.mattisson.nl/organic-vegan-protein-erwten-rijst
8720791841669,MT2824,Biologisch Vegan proteïne poeder - Erwten & Rijst - Vanille - 500 g,,522,1,23.95,17.96,ja,https://www.mattisson.nl/organic-vegan-protein-erwten-rijst-vanille
8720959400394,MT2065,Hormoon Support - 60 capsules,,696,1,36.95,27.71,ja,https://www.mattisson.nl/hormoon-support-60-capsules
8720959400400,MT2066,Mushroom Immuun Support - 60 capsules,,657,1,19.95,14.96,ja,https://www.mattisson.nl/mushroom-immuun-support-60-capsules
8720959400417,MT2067,Energy Support - 60  capsules,,931,1,24.95,18.71,ja,https://www.mattisson.nl/energy-support-60-capsules
8720959400424,MT2068,Mood Support - 60 capsules,,710,1,31.95,23.96,ja,https://www.mattisson.nl/mood-support-60-capsules
8720791841676,MT2072,Darm Support - 275 gram,,742,1,31.95,23.96,ja,https://www.mattisson.nl/darm-support-275-gram
8720791841683,MT2073,Spijsvertering support - 90 capsules,,730,1,19.95,14.96,ja,https://www.mattisson.nl/spijsvertering-support-90-capsules
8720791841096,MT1467,Vegan Omega-3 Algenolie 500 mg - DHA 375 mg & EPA 125 mg - 60 capsules,60 caps,579,1,31.95,23.96,ja,https://www.mattisson.nl/vegan-omega-3-algenolie-500-mg-dha-375-mg-epa-125-mg
8720791841102,MT1468,Vegan Omega-3 Algenolie 500 mg - DHA 375 mg & EPA 125 mg - 120 capsules,120 caps,579,1,58.95,44.21,ja,https://www.mattisson.nl/vegan-omega-3-algenolie-500-mg-dha-375-mg-epa-125-mg
8720791841119,MT1469,Vegan Omega-3 Algenolie 500 mg - DHA 375 mg & EPA 125 mg - 180 capsules,180 caps,579,1,79.95,59.96,ja,https://www.mattisson.nl/vegan-omega-3-algenolie-500-mg-dha-375-mg-epa-125-mg
8720791841799,MT4169,L-Glutamine 500mg - 90 capsules,,448,1,15.95,11.96,ja,https://www.mattisson.nl/l-glutamine-500mg-90-capsules
8720791841690,MT2399,Actief foliumzuur - vitamine B11 - 60 tabletten ,,508,1,13.95,10.46,ja,https://www.mattisson.nl/actief-foliumzuur-60-tabletten
8720959400899,MT1839,Vegan Postbiotic EpiCor® 500 mg - 60 capsules,,668,1,31.95,23.96,ja,https://www.mattisson.nl/vegan-postbiotic-500-mg-60-capsules
8720791841614,MT4180,Elektrolyten Poeder Lemon - Electrolytes - 300g,,589,1,26.95,20.21,ja,https://www.mattisson.nl/elektrolyten-poeder-lemon-300g
8720959400554,MT4166,L-Leucine 500 mg - 60 capsules,,395,1,19.95,14.96,ja,https://www.mattisson.nl/l-leucine-500-mg-60-capsules
8720959400578,MT4168,L-Arginine 500 mg - 60 capsules,,440,1,17.95,13.46,ja,https://www.mattisson.nl/l-arginine-500-mg-60-capsules
8720959400745,MT2069,Biologisch Paddenstoelen Complex - 100 gram,,699,1,24.95,18.71,ja,https://www.mattisson.nl/biologisch-paddenstoelen-complex-100-gram
8720959400776,MT2096,Biologisch Reishi Poeder - 100 gram,,539,1,19.95,19.95,ja,https://www.mattisson.nl/biologisch-reishi-poeder-100-gram
8720959400783,MT2097,Biologisch Reishi Extract 400mg - 60 capsules,,695,1,21.95,16.46,ja,https://www.mattisson.nl/biologisch-reishi-extract-400mg-60-capsules
8720959400790,MT2500,Ashwagandha KSM-66 - 60 capsules,,624,1,19.95,14.96,ja,https://www.mattisson.nl/ashwagandha-ksm-66-60-capsules
8720959400806,MT2501,Prostaat Support - 60 capsules,,673,1,26.95,20.21,ja,https://www.mattisson.nl/prostaat-support-60-capsules
8720959400813,MT2502,Oog Support - 60 tabletten,,801,1,26.95,20.21,ja,https://www.mattisson.nl/oog-support-60-tabletten
8720959400820,MT2503,Lever Support - 60 tabletten,,725,1,24.95,18.71,ja,https://www.mattisson.nl/lever-support-60-tabletten
8720959400837,MT2504,GABA 1000 mg - 60 tabletten,,476,1,21.95,16.46,ja,https://www.mattisson.nl/gaba-1000-mg-60-tabletten
8720959400844,MT2505,"Calcium, Magnesium & Zink - 90 tabletten",,656,1,15.95,11.96,ja,https://www.mattisson.nl/calcium-magnesium-zink-90-tabletten
8720959400905,MT2306,Vegan Multi Vrouw - 60 capsules,,681,1,28.95,21.71,ja,https://www.mattisson.nl/vegan-multi-vrouw-60-capsules
8720959400967,MT2310,Vegan Multi 50+ - 60 capsules,,656,1,31.95,23.96,ja,https://www.mattisson.nl/vegan-multi-50-60-capsules
8720959400936,MT2307,Vegan Multi Zwanger/Mama - 60 capsules,,627,1,26.95,20.21,ja,https://www.mattisson.nl/vegan-multi-zwanger-mama-60-capsules
8720959400950,MT2309,Vegan Multi Man - 60 capsules,,592,1,28.95,21.71,ja,https://www.mattisson.nl/vegan-multi-man-60-capsules
8720959400912,MT4152,Vegan Sunfiber® - Prebiotische vezels - 125 gram,,568,1,14.95,14.95,ja,https://www.mattisson.nl/vegan-sunfiber-prebiotische-vezels-125-gram
8720959400974,MT3036,Biologische Vegan Broth Miso Shiitake - 240 ml,,404,1,6.95,6.95,ja,https://www.mattisson.nl/vegan-broth-miso-shiitake-240-ml
8720959400981,MT3037,Biologische Thai Chicken Bone Broth - 240 ml,,400,1,6.95,6.95,ja,https://www.mattisson.nl/thai-chicken-bone-broth-240-ml
8720959400639,MT1852,Nattokinase 100 mg - Fermokinase™ - 60 capsules,,649,1,24.95,18.71,ja,https://www.mattisson.nl/nattokinase-100-mg-fermokinasetm-60-capsules
8720959400707,MT4149,Biologisch Vezel Complex - 90 capsules,,615,1,14.95,11.21,ja,https://www.mattisson.nl/biologisch-vezel-complex-90-capsules
8720959400714,MT4153,Sunfiber® - Prebiotische vezels - 90 capsules,,650,1,15.95,11.96,ja,https://www.mattisson.nl/sunfiberr-prebiotische-vezels-90-capsules
8720959400691,MT4182,Elektrolyten Poeder Forest Fruit - Electrolytes - 300g,,668,1,26.95,20.21,ja,https://www.mattisson.nl/elektrolyten-poeder-forest-fruit-electrolytes-300g
8720959400684,MT4181,Elektrolyten Poeder Peach - Electrolytes - 300g,,603,1,26.95,20.21,ja,https://www.mattisson.nl/elektrolyten-poeder-peach-electrolytes-300g
8720959401018,MT2506,Vitacholine 400mg - 90 capsules,,693,1,19.95,14.96,ja,https://www.mattisson.nl/vitacholine-400mg-90-capsules
8720959400998,MT2099,Keltisch Zeezout Gedroogd - Molen - 125 gram,,759,1,4.95,4.95,ja,https://www.mattisson.nl/keltisch-zeezout-gedroogd-molen-125-gram
8720959400646,MT2098,Keltisch Zeezout Gedroogd - 375 gram,,729,1,4.95,4.95,ja,https://www.mattisson.nl/keltisch-zeezout-gedroogd-375-gram
8720959401087,MT2512,Graviola Extract 480mg - 60 capsules,,558,1,19.95,14.96,ja,https://www.mattisson.nl/graviola-extract-480mg-60-capsules
8720959401094,MT2513,Kattenklauw Extract 450 mg - Cat's Claw - 60 capsules,,607,1,17.95,13.46,ja,https://www.mattisson.nl/kattenklauw-extract-450-mg-60-capsules
8720959400721,MT4154,Biologisch Paddenstoelen (Mushroom) Complex - 60 capsules,,795,1,19.95,14.96,ja,https://www.mattisson.nl/biologisch-paddenstoelen-mushroom-complex-60-capsules
8720959401063,MT2510,IJzerbisglycinaat 28mg - 90 capsules,,665,1,15.95,11.96,ja,https://www.mattisson.nl/ijzerbisglycinaat-28mg-90-capsules
8720959401353,MT4000,Shakebeker RVS - 750 ml,,702,1,16.95,12.71,ja,https://www.mattisson.nl/shakebeker-rvs-750-ml
8720959401285,MT1925,Biologische Apple Cider Vinegar (appelazijn) - Matcha & citroen - 500 ml,,845,1,6.95,6.95,ja,https://www.mattisson.nl/biologische-apple-cider-vinegar-appelazijn-matcha-citroen-500-ml
8720959401360,MT2304,Multi Magnesium poeder - 250 mg  complex - 200 gram,,602,1,28.95,21.71,ja,https://www.mattisson.nl/multi-magnesium-poeder-250-mg-complex-200-gram
8720959401476,MT4316,Biologisch Rijst Drink poeder - 500 g,,899,1,8.95,8.95,nee,https://www.mattisson.nl/biologisch-rijst-drink-poeder-500-g
8720959402183,GC0001,Gezondheidsbon - Flowers,,226,1,0.00,10.00,ja,https://www.mattisson.nl/gezondheidsbon-flowers
8720959401643,MT4320,Biologisch Aardbeien poeder gevriesdroogd - 125 gram ,,596,1,19.95,19.95,nee,https://www.mattisson.nl/biologisch-aardbeien-poeder-gevriesdroogd-125-gram
8720959401650,MT1998,Biologisch Sint-Janskruid Extract - 90 capsules,,661,1,17.95,13.46,ja,https://www.mattisson.nl/biologisch-sint-janskruid-extract-90-capsules
8720959401599,MT1490,Vegan Algenolie Vloeibaar 1200mg - Omega 3 - 150 ml,,896,1,36.95,27.71,ja,https://www.mattisson.nl/vegan-algenolie-1200mg-omega-3-150-ml
8720959401667,MT1999,Biologisch Duivelsklauw extract - 120 capsules,,573,1,17.95,13.46,ja,https://www.mattisson.nl/biologisch-duivelsklauw-extract-120-capsules
8720959401490,MT2302,Vegan Calcium Citraat Malaat poeder - 125 gram,,538,1,19.95,14.96,ja,https://www.mattisson.nl/vegan-calcium-citraat-malaat-poeder-125-gram
8720959401506,MT2303,Vegan Calcium Citraat Malaat - 120 capsules,,525,1,17.95,13.46,ja,https://www.mattisson.nl/vegan-calcium-citraat-malaat-120-capsules
8720959401698,MT2628,Biologische Maca Blend 750mg - 90 capsules,,734,1,15.95,11.96,ja,https://www.mattisson.nl/biologische-maca-blend-750mg-90-capsules
8720959401674,MT4321,Omega 3 Visolie EPA 33% / DHA 22% 1000mg - Friend of the Sea - 90 capsules,,786,1,22.95,17.21,ja,https://www.mattisson.nl/omega-3-visolie-epa-33-dha-22-1000mg-friend-of-the-sea-90-capsules
8720959401704,MT4322,Omega 3 Visolie EPA 18% / DHA 12% 1000mg - Friend of the Sea - 120 capsules,,783,1,19.95,14.96,ja,https://www.mattisson.nl/omega-3-visolie-epa-18-dha-12-1000mg-friend-of-the-sea-120-capsules
8720959402428,MTbundel2,Hormoonbalans Bundel,,264,1,56.90,42.68,ja,https://www.mattisson.nl/hormoonbalans-bundel
8720959401902,MTbundel3,Basis Vrouw Bundel,,277,1,81.85,61.39,ja,https://www.mattisson.nl/basis-vrouw-bundel
8720959401919,MTbundel4,Basis Man Bundel,,313,1,81.85,61.39,ja,https://www.mattisson.nl/basis-man-bundel
8720959401926,MTbundel5,Immuunsysteem Bundel,,239,1,50.85,38.14,nee,https://www.mattisson.nl/immuunsysteem-bundel
8720959402411,MTbundel6,Slaap & Ontspanning Bundel,,156,1,35.90,26.93,ja,https://www.mattisson.nl/slaap-ontspanning-bundel
8720959401940,MTbundel7,Energie Bundel,,238,1,50.85,38.14,nee,https://www.mattisson.nl/energie-bundel
8720959401957,MTbundel8,Gemoedstoestand Bundel,,223,1,59.90,44.93,ja,https://www.mattisson.nl/gemoedstoestand-bundel
8720959401964,MTbundel9,Sport Bundel,,200,1,75.85,56.89,ja,https://www.mattisson.nl/sport-bundel
8720959401971,MTbundel10,50+ Bundel,,274,1,64.85,48.64,ja,https://www.mattisson.nl/50-bundel
8720959401988,MTbundel11,Zwanger/Mama Bundel,,367,1,65.85,49.39,ja,https://www.mattisson.nl/zwanger-mama-bundel
8720959401995,MTbundel12,"Botten, Gewrichten & Spieren Bundel",,209,1,31.90,23.93,ja,https://www.mattisson.nl/botten-gewrichten-spieren-bundel
8720959402008,MTbundel13,Focus Bundel,,229,1,61.85,46.39,ja,https://www.mattisson.nl/focus-bundel
8720959402022,MT2624,Biologische Rode Maca - 90 capsules,,674,1,15.95,11.96,ja,https://www.mattisson.nl/biologische-rode-maca-90-capsules
8720959402015,MT2629,Biologische Zwarte Maca - 90 capsules,,759,1,15.95,11.96,ja,https://www.mattisson.nl/biologische-zwarte-maca-90-capsules
8720959402039,MT4179,Elektrolyten Poeder Natural - Electrolytes - 300g,,1089,1,26.95,20.21,ja,https://www.mattisson.nl/elektrolyten-poeder-naturel-300-gram
8720959402046,MT4178,Vegan Elektrolyten - 180 capsules,,714,1,24.95,18.71,ja,https://www.mattisson.nl/vegan-elektrolyten-180-capsules
8720959402237,MT4001,Mattisson Tas - Biologisch Katoen,,190,1,18.95,18.95,ja,https://www.mattisson.nl/mattisson-tas
8720959402138,MT4400,Omega 3 Bloedtest,,359,1,79.00,79.00,ja,https://www.mattisson.nl/omega-3-bloedtest
8720959402145,MT4401,Speeksel Test Hormonen Vrouw,,202,1,129.00,129.00,ja,https://www.mattisson.nl/speeksel-test-hormonen-vrouw
8720959402152,MT4402,Speeksel Test Hormonen Man,,148,1,129.00,129.00,ja,https://www.mattisson.nl/speeksel-test-hormonen-man
8720959402169,MT4403,Microbioom onderzoek XL,,186,1,259.00,259.00,ja,https://www.mattisson.nl/microbioom-onderzoek-xl
8720959402176,MT4404,Voedsel Intolerantietest Plus,,395,1,199.00,199.00,ja,https://www.mattisson.nl/voedsel-intolerantietest-plus
8720959402251,MT1838,Biologische Cichorei Vezels - 275 gram,,713,1,19.95,19.95,ja,https://www.mattisson.nl/biologische-cichorei-vezels-275-gram
8720959402244,MT2631,Biologisch Matcha Ceremonie poeder - 35 gram,,1024,1,27.95,20.96,ja,https://www.mattisson.nl/biologisch-matcha-ceremonie-poeder-35-gram
8720959402299,MTbundel14,Beauty Bundel,,198,1,74.85,56.14,ja,https://www.mattisson.nl/beauty-bundel
8720959402220,MT1997,Keltisch Zeezout Gedroogd - 1000 gram,,772,1,5.95,5.95,ja,https://www.mattisson.nl/keltisch-zeezout-gedroogd-1000-gram
8720959401896,MT1510,Biologische Coconut Aminos - 250 ml,,773,1,8.95,8.95,nee,https://www.mattisson.nl/biologische-coconut-aminos-250-ml
8720959402268,MT4299,Vegan Shilajit 400mg - 60 capsules,,665,1,19.95,14.96,ja,https://www.mattisson.nl/vegan-shilajit-400mg-60-capsules
8720959402275,MT2074,Biologisch Lion’s Mane extract 500 mg – 60 capsules,,690,1,29.95,22.46,ja,https://www.mattisson.nl/biologisch-lion-s-mane-extract-500-mg-60-capsules
8720959401933,MT1701,Vegan Bacopa extract 150 mg - 60 capsules,,715,1,19.95,14.96,ja,https://www.mattisson.nl/vegan-bacopa-extract-150-mg-60-capsules
8720959402282,MT2301,Multi Magnesium 200 mg - 120 capsules,,814,1,24.95,18.71,ja,https://www.mattisson.nl/vegan-multi-magnesium-200-mg-120-capsules
8720959401872,MT2397,Magnesium Bisglycinaat 150 mg - 120 capsules,,479,1,24.95,18.71,ja,https://www.mattisson.nl/magnesium-bisglycinaat-150-mg-120-capsules
8720959402398,MT2300,Biologische Magnesium 100 mg - 60 capsules,,532,1,26.95,20.21,ja,https://www.mattisson.nl/biologische-magnesium-100-mg-60-capsules
8720959402404,MT1837,Lactase OptiFerm - 3000 FCC - 90 capsules,,476,1,22.95,17.21,ja,https://www.mattisson.nl/lactase-optiferm-3000-fcc-90-capsules
8720959402435,MT2401,Natuurlijk Calcium Icecal - 480 mg - 150 gram,,475,1,24.95,18.71,ja,https://www.mattisson.nl/natuurlijk-calcium-icecal-480-mg-150-gram
8720959402060,MT7000,Sleep Well etherische olie - 10 ml,,704,1,15.95,15.95,ja,https://www.mattisson.nl/sleep-well-etherische-olie-10-ml
8720959402077,MT7001,Stress Release etherische olie - 10 ml,,853,1,14.95,14.95,ja,https://www.mattisson.nl/stress-release-etherische-olie-10-ml
8720959402084,MT7002,Focus etherische olie - 10 ml,,705,1,14.95,14.95,ja,https://www.mattisson.nl/focus-etherische-olie-10-ml
8720959402091,MT7003,Sleep Well roomspray - 50 ml,,692,1,14.95,14.95,ja,https://www.mattisson.nl/sleep-well-roomspray-50-ml
8720959402107,MT7004,Stress Release roomspray - 50 ml,,738,1,14.95,14.95,ja,https://www.mattisson.nl/stress-release-roomspray-50-ml
8720959402114,MT7005,Focus roomspray - 50 ml,,748,1,14.95,14.95,ja,https://www.mattisson.nl/focus-roomspray-50-ml
8720959402121,MT7006,Organic Body Oil - 100 ml,,845,1,21.95,21.95,ja,https://www.mattisson.nl/organic-body-oil-100-ml
8720959402381,MT4107,Biologische Psyllium Husk Vezels – 750 gram,,372,1,26.95,26.95,ja,https://www.mattisson.nl/biologische-psyllium-vezels-750-gram
8720959403227,MT1835,Probisson® Zwanger - 60 capsules,,660,1,19.95,14.96,ja,https://www.mattisson.nl/probissonr-zwanger-7-miljard-60-capsules
8720959403234,MT1836,Probisson® Biotica complex - 60 capsules,,605,1,24.95,18.71,ja,https://www.mattisson.nl/probissonr-biotica-complex-60-capsules
8720959400851,MT4170,Vegan MSM Poeder - Puur - 550 gram,,720,1,16.95,12.71,ja,https://www.mattisson.nl/vegan-msm-poeder-puur-550-gram
8720959403241,MT2498,5-HTP 100mg - 60 capsules,,364,1,19.95,14.96,ja,https://www.mattisson.nl/5-htp-100mg-60-capsules
8717677968459,MT4108,Biologische Psyllium Husk Vezels - 90 g,90 g,820,1,6.95,6.95,ja,https://www.mattisson.nl/biologische-psyllium-husk-vezels
8717677964505,MT4109,Biologische Psyllium Husk Vezels - 250 g,250 g,820,1,10.95,10.95,ja,https://www.mattisson.nl/biologische-psyllium-husk-vezels
8717677967810,MT2057,Biologische Lion's Mane 500 mg - 60 capsules,60 caps,779,1,21.95,16.46,ja,https://www.mattisson.nl/biologische-lion-s-mane-500-mg
8720959400653,MT2030,Biologische Lion's Mane 500 mg - 120 capsules,120 caps,779,1,36.95,27.71,ja,https://www.mattisson.nl/biologische-lion-s-mane-500-mg
8720959400660,MT2311,Multi Magnesium - 200mg complex - 180 tabletten,180 tabl,582,1,49.95,37.46,ja,https://www.mattisson.nl/multi-magnesium-200mg-complex-tabletten
8720791841706,MT2312,Multi Magnesium - 200mg complex - 90 tabletten,90 tabl,582,1,26.96,20.22,ja,https://www.mattisson.nl/multi-magnesium-200mg-complex-tabletten
8720959403340,MT1996,Vegan Curcuma C3 met BioPerine 500mg  - 60 capsules,,652,1,31.95,23.96,ja,https://www.mattisson.nl/vegan-curcuma-c3-met-bioperine-500mg-60-capsules
8720959403456,MT1299,Biologische Olijfolie - Extra Virgin - 500 ml,,776,1,11.95,11.95,ja,https://www.mattisson.nl/biologische-olijfolie-extra-virgin-500-ml
8720959402312,MT1466,Vegan Algenolie - EPA 150mg / DHA 100mg - 120 capsules,120 caps,560,1,39.95,29.96,ja,https://www.mattisson.nl/vegan-algenolie-epa-150mg-dha-100mg
8720959402305,MT1465,Vegan Algenolie - EPA 150mg / DHA 100mg - 60 capsules,60 caps,560,1,21.95,16.46,ja,https://www.mattisson.nl/vegan-algenolie-epa-150mg-dha-100mg
8717677965267,MT2336,Magnesium Bisglycinaat 833mg - 90 tabletten,90 tabl,685,1,19.95,14.96,ja,https://www.mattisson.nl/magnesium-bisglycinaat-tabletten-100-mg-elementair
8720959400677,MT2398,Magnesium Bisglycinaat 833mg - 180 tabletten,180 tabl,685,1,34.95,26.21,ja,https://www.mattisson.nl/magnesium-bisglycinaat-tabletten-100-mg-elementair
8720289191665,MT1921,Biologische Apple Cider Vinegar (appelazijn) - Puur - 1000 ml,1000 ml,619,1,8.95,8.95,ja,https://www.mattisson.nl/biologische-apple-cider-vinegar-appelazijn-puur
8720289191658,MT1920,Biologische Apple Cider Vinegar (appelazijn) - Puur - 500 ml,500 ml,619,1,5.95,5.95,ja,https://www.mattisson.nl/biologische-apple-cider-vinegar-appelazijn-puur
8720959403333,MT1404,Biologisch Gerstegras 400mg - 180 capsules,,213,1,11.95,8.96,nee,https://www.mattisson.nl/biologisch-gerstegras-400mg-180-capsules
8720959403562,MT1833,Probisson® Skin - 60 capsules,,675,1,22.95,17.21,ja,https://www.mattisson.nl/probissonr-skin-60-capsules
8720959403555,MT1832,Probisson® Femme - 60 capsules,,653,1,22.95,17.21,ja,https://www.mattisson.nl/probissonr-femme-60-capsules
8720959403548,MT1831,Probisson® Mind - 60 capsules,,713,1,22.95,17.21,ja,https://www.mattisson.nl/probissonr-mind-60-capsules
8720959403616,MT2821,Fava bonen proteïne - Tuinboon eiwitisolaat - 400 gram,,799,1,17.95,13.46,ja,https://www.mattisson.nl/fava-bonen-proteine-tuinboon-eiwitisolaat-400-gram
8720959403579,MT2497,Bloedsuiker support – 60 capsules,,671,1,34.95,26.21,ja,https://www.mattisson.nl/bloedsuiker-support-60-capsules
8720959403661,MT2622,Biologische Zwarte Maca - 300 gram,,965,1,13.95,13.95,ja,https://www.mattisson.nl/biologische-zwarte-maca-300-gram
8720959403678,MT2623,Biologische Rode Maca - 300 gram,,1037,1,13.95,13.95,ja,https://www.mattisson.nl/biologische-rode-maca-300-gram
8720959403685,MT2496,Q10 Ubiquinol 100mg - 60 Capsules,,830,1,39.95,29.96,ja,https://www.mattisson.nl/q10-ubiquinol-100mg-60-capsules
8720959403647,MT1409,Biologisch AlkaGreens poeder - Mushroom - 300 gram,,405,1,34.95,26.21,ja,https://www.mattisson.nl/organic-alkagreens-mushroom-300-gram
8720959403937,MT4185,Elektrolyten Poeder Strawberry Lime - 300 gram,,1019,1,26.95,20.21,ja,https://www.mattisson.nl/elektrolyten-poeder-strawberry-lime-300-gram
8720959403944,MT4186,Elektrolyten Poeder Lemon Mint - 300 gram,,1121,1,26.95,20.21,ja,https://www.mattisson.nl/elektrolyten-poeder-lemon-mint-300-gram
8720959403890,MT9117,Biologische Ceylon Kaneel - 35 gram,,224,1,4.95,4.95,ja,https://www.mattisson.nl/biologische-ceylon-kaneel-35-gram
8717677967858,MT1575,Biologische Edelgistvlokken - 60 g ,60 g,807,1,5.95,5.95,nee,https://www.mattisson.nl/biologische-edelgistvlokken
8717677964512,MT1581,Biologische Edelgistvlokken - 200 g,200 g,807,1,13.95,13.95,ja,https://www.mattisson.nl/biologische-edelgistvlokken
8720959402442,MT2838,Biologische Wei Proteïne Poeder Naturel 80% - 1000 gram,1000 g,516,1,69.95,52.46,ja,https://www.mattisson.nl/biologische-wei-proteine-poeder-naturel
8717677964307,MT2841,Biologische Wei Proteïne poeder 80% - Naturel - 450 g,450 g,516,1,34.95,26.21,ja,https://www.mattisson.nl/biologische-wei-proteine-poeder-naturel
8720959402459,MT2839,Biologische Wei Proteïne Poeder Vanille 75% - 1000 gram,1000 g,532,1,69.95,52.46,ja,https://www.mattisson.nl/biologische-wei-proteine-poeder-vanille-75
8717677964314,MT2842,Biologische Wei Proteïne poeder 75% - Vanille - 450 g,450 g,532,1,39.95,29.96,ja,https://www.mattisson.nl/biologische-wei-proteine-poeder-vanille-75
